title,company
newJunior Data Scientist Apprentice,IBM
"Data Scientist, Game Analytics & Strategy",the NBA
Junior Data Scientist (NYC or Remote),ViacomCBS
"Data Scientist, TikTok Creation and Consumption",TikTok
"Associate Data Scientist, User Fraud",Spotify
Entry Level - Associate Data Scientist (Commercial),IBM
newFull Stack Data Scientist - NLP,Amex
newJunior Data Scientist - BAM Elevate,Balyasny
newData Scientist/ Data Analytics Associate - STEM iDEAS Rotati...,Cepheid
Data Scientist - New York or North Carolina,IBM
newEconomic Data Scientist,NYC Careers
newData Scientist,Northwell Health
Data Scientist,Source Enterprises
newData Scientist,Frontier Communications
Data Scientist,Pfizer
newJunior Data Analyst,MealPal
Product Analyst/Data Scientist,Salesforce
Data & Credit Analyst,Reorg Research
Marketing Analytics Analyst,Kepler Group
Entry Level - Financial Research Analyst,IHS Markit
Business Analyst; Pharmacy; Mount Sinai Health System,Mount Sinai
Marketing Data Analyst,Veeva Systems
newBusiness Analysis Associate (Hybrid role),Prudential
"2022 Technology Analyst Program: Infrastructure, Security, D...","Fiserv, Inc."
Business Analyst,Neuberger Berman
Financial Market Info & Data Analytics Associate - Summer/Fa...,PRICE WATERHOUSE COOPERS
Program Analyst - Corporate/HR/Business Analyst,"Fiserv, Inc."
"newProduct Analyst, Private Markets",IHS Markit
newReps & Warranties Analyst,Aon
"Health Benefits Data Analyst, Pharmacy Benefits Informatics","The Segal Group, Inc."
